{
  "$schema": "http://json-schema.org/schema#",
  "title": "Schema for AWS SAM Policy Templates",

  "definitions": {
    "semver": {
      "type": "string",
      "pattern": "^[0-9]+.[0-9]+.[0-9]+$"
    },
    "parameter": {
      "type": "object",
      "properties": {
        "Description": {
          "type": "string"
        }
      },
      "required": [
        "Description"
      ],
      "title": "Information about a single parameter"
    },
    "parameters": {
      "title": "Object containing all parameters of a template",
      "type": "object",
      "patternProperties": {
        "^[a-zA-Z0-9]+$": {
          "$ref": "#/definitions/parameter"
        }
      },
      "additionalProperties": false
    },
    "template": {
      "type": "object",
      "properties": {
        "Description": {
          "type": "string"
        },
        "Parameters": {
          "$ref": "#/definitions/parameters"
        },
        "Definition": {
          "$ref": "#/definitions/policy_statements"
        }
      },
      "required": [
        "Parameters",
        "Definition"
      ],
      "additionalProperties": false
    },

    "policy_statements": {
      "type": "object",
      "properties": {
        "Statement": {
          "type": "array",
          "minItems": 1,
          "items": {
            "$ref": "#/definitions/policy_statement"
          }
        }
      },
      "minProperties": 1,
      "additionalProperties": false
    },
    "policy_statement": {
      "type": "object"
    }
  },
  "properties": {
    "Version": {
      "$ref": "#/definitions/semver"
    },
    "Templates": {
      "type": "object",
      "patternProperties": {
        "^[a-zA-Z0-9]+Policy$": {
          "$ref": "#/definitions/template"
        }
      },
      "additionalProperties": false
    }
  },
  "additionalProperties": false,
  "required": ["Version", "Templates"]
}
